{"last_tab":"7","header_top_toggle":"","top_phone":"+880 320 432 242","top_link1_text":"Click Here","top_link1_url":"#","top_link2_text":"Click Here","top_link2_url":"#","top_social_icons":{"facebook":"https:\/\/www.facebook.com\/","twitter":"https:\/\/twitter.com\/","instagram":"https:\/\/instagram.com\/","tumblr":"","pinterest":"","linkedin":"","behance":"","dribbble":"https:\/\/dribbble.com\/","youtube":"","vimeo":"","rss":""},"top-left-typography":{"font-family":"","font-options":"","google":"1","font-backup":"","font-weight":"","font-style":"","subsets":"","text-align":"","font-size":"","line-height":"","color":""},"top-background":{"background-color":"","background-repeat":"","background-size":"","background-attachment":"","background-position":"","background-image":"","media":{"id":"","height":"","width":"","thumbnail":""}},"default_logo":{"url":"https:\/\/dreamhub.dreamitsolution.net\/seo\/wp-content\/uploads\/2022\/09\/logo.png","id":"399","height":"36","width":"179","thumbnail":"https:\/\/dreamhub.dreamitsolution.net\/seo\/wp-content\/uploads\/2022\/09\/logo.png"},"transparent_logo":{"url":"https:\/\/dreamhub.dreamitsolution.net\/seo\/wp-content\/uploads\/2022\/09\/logo.png","id":"399","height":"36","width":"179","thumbnail":"https:\/\/dreamhub.dreamitsolution.net\/seo\/wp-content\/uploads\/2022\/09\/logo.png"},"button_text":"Get Started","button_link":"your-domain.com","menu_link_color":"","menu_link_hover_color":"","menu_button_color":"","menu_button_bg":"","dreamhub_menu_bg_color":{"background-color":"","background-repeat":"","background-size":"","background-attachment":"","background-position":"","background-image":"","media":{"id":"","height":"","width":"","thumbnail":""}},"submenu_bg_color":{"background-color":"","background-repeat":"","background-size":"","background-attachment":"","background-position":"","background-image":"","media":{"id":"","height":"","width":"","thumbnail":""}},"menu_spacing":{"units":"px","padding-top":"","padding-right":"","padding-bottom":"","padding-left":""},"dreamhub_body_typography":{"font-family":"","font-options":"","google":"1","font-backup":"","font-weight":"","font-style":"","subsets":"","text-align":"","font-size":"","color":""},"dreamhub_heading_typographyh1":{"font-family":"","font-options":"","google":"1","font-backup":"","font-weight":"","font-style":"","subsets":"","text-align":"","font-size":"","color":""},"dreamhub_heading_typographyh2":{"font-family":"","font-options":"","google":"1","font-backup":"","font-weight":"","font-style":"","subsets":"","text-align":"","font-size":"","color":""},"dreamhub_heading_typographyh3":{"font-family":"","font-options":"","google":"1","font-backup":"","font-weight":"","font-style":"","subsets":"","text-align":"","font-size":"","color":""},"dreamhub_heading_typographyh4":{"font-family":"","font-options":"","google":"1","font-backup":"","font-weight":"","font-style":"","subsets":"","text-align":"","font-size":"","color":""},"dreamhub_heading_typographyh5":{"font-family":"","font-options":"","google":"1","font-backup":"","font-weight":"","font-style":"","subsets":"","text-align":"","font-size":"","color":""},"dreamhub_heading_typographyh6":{"font-family":"","font-options":"","google":"1","font-backup":"","font-weight":"","font-style":"","subsets":"","text-align":"","font-size":"","color":""},"breadcrumb-background":{"background-color":"","background-repeat":"no-repeat","background-size":"cover","background-attachment":"scroll","background-position":"center center","background-image":"https:\/\/dreamhub.dreamitsolution.net\/seo\/wp-content\/uploads\/2022\/09\/footer-bg.jpg","media":{"id":"374","height":"706","width":"1920","thumbnail":"https:\/\/dreamhub.dreamitsolution.net\/seo\/wp-content\/uploads\/2022\/09\/footer-bg.jpg"}},"breadcrumb-title-typography":{"font-family":"","font-options":"","google":"1","font-backup":"","font-weight":"","font-style":"","subsets":"","text-align":"","font-size":"","line-height":"","color":""},"dreamhub_bread_current_page_color":"","breadcrumb_spacing":{"units":"px","padding-top":"","padding-right":"","padding-bottom":"","padding-left":""},"blog_details_background":{"background-color":"","background-repeat":"","background-size":"","background-attachment":"","background-position":"","background-image":"","media":{"id":"","height":"","width":"","thumbnail":""}},"blog_details_meta_typography":{"font-family":"","font-options":"","google":"1","font-backup":"","font-weight":"","font-style":"","subsets":"","text-align":"","font-size":"","line-height":"","color":""},"blog_details_content_typography":{"font-family":"","font-options":"","google":"1","font-backup":"","font-weight":"","font-style":"","subsets":"","text-align":"","font-size":"","line-height":"","color":""},"blog_details_tag_bg":"","sidebar_title_typography":{"font-family":"","font-options":"","google":"1","font-backup":"","font-weight":"","font-style":"","subsets":"","text-align":"","font-size":"","line-height":"","color":""},"404_background":{"background-color":"","background-repeat":"","background-size":"","background-attachment":"","background-position":"","background-image":"","media":{"id":"","height":"","width":"","thumbnail":""}},"404_title_typography":{"font-family":"","font-options":"","google":"1","font-backup":"","font-weight":"","font-style":"","subsets":"","text-align":"","font-size":"","line-height":"","color":""},"404_info":"Oops! That page can\u2019t be found.","footer_widget_toggle":"1","footer_bg":{"background-color":"","background-repeat":"","background-size":"","background-attachment":"","background-position":"","background-image":"","media":{"id":"","height":"","width":"","thumbnail":""}},"widget_column_count":"4","widget_title_color":"","widget_text_color":"","widget_link_hover_color":"","dreamhub_widget_bg_color":{"background-color":"","background-repeat":"","background-size":"","background-attachment":"","background-position":"","background-image":"","media":{"id":"","height":"","width":"","thumbnail":""}},"dreamhub_widget_section_spacing":{"units":"px","padding-top":"","padding-right":"","padding-bottom":"","padding-left":""},"footer_copyright_style":"","copyright-text":"Copyright \u00a9 dreamhub all rights reserved.","dreamhub_copyright_text_color":"","dreamhub_copyright_text_hover_color":"","dreamhub_copyright_bg_color":{"background-color":"","background-repeat":"","background-size":"","background-attachment":"","background-position":"","background-image":"","media":{"id":"","height":"","width":"","thumbnail":""}},"copyright_section_spacing":{"units":"px","padding-top":"","padding-right":"","padding-bottom":"","padding-left":""},"redux-backup":1}